A E Housman,reflist,1
A E Housman,Than,1
A E Housman,That,2
A E Housman,Bredon,2
A E Housman,Housman,106
A E Housman,developed,1
A E Housman,surname,2
A E Housman,coded,1
A E Housman,King,1
A E Housman,bgcolor,1
A E Housman,Burials,1
A E Housman,religion,1
A E Housman,laborious,1
A E Housman,declared,1
A E Housman,movement,1
A E Housman,Cambridge,13
A E Housman,right,3
A E Housman,distinction,1
A E Housman,Among,1
A E Housman,James,6
A E Housman,intimidated,1
A E Housman,Astronomica,1
A E Housman,Team,1
A E Housman,meet,1
A E Housman,Ashes,1
A E Housman,Lovely,1
A E Housman,few,1
A E Housman,Associated,1
A E Housman,Algernon,1
A E Housman,Apr,1
A E Housman,arranged,1
A E Housman,Adalbert,2
A E Housman,quality,1
A E Housman,Prose,2
A E Housman,attacks,2
A E Housman,D,4
A E Housman,E,32
A E Housman,Sometimes,1
A E Housman,F,3
A E Housman,G,1
A E Housman,Butterworth,2
A E Housman,A,67
A E Housman,B,1
A E Housman,C,4
A E Housman,made,1
A E Housman,rejection,1
A E Housman,secondary,1
A E Housman,M,2
A E Housman,O,3
A E Housman,parted,1
A E Housman,H,1
A E Housman,I,11
A E Housman,J,4
A E Housman,W,6
A E Housman,P,3
A E Housman,times,1
A E Housman,S,2
A E Housman,R,7
A E Housman,usually,2
A E Housman,Commons,1
A E Housman,Norman,2
A E Housman,Content,1
A E Housman,trial,1
A E Housman,enjoyed,1
A E Housman,g,2
A E Housman,tone,1
A E Housman,e,7
A E Housman,a,72
A E Housman,n,4
A E Housman,Traveller,1
A E Housman,Leeds,1
A E Housman,wartime,1
A E Housman,m,1
A E Housman,h,1
A E Housman,ref,84
A E Housman,v,1
A E Housman,new,1
A E Housman,lutterworth,1
A E Housman,Hanbury,1
A E Housman,s,52
A E Housman,p,14
A E Housman,library,1
A E Housman,having,1
A E Housman,novels,1
A E Housman,Footnotes,1
A E Housman,settings,5
A E Housman,took,2
A E Housman,John,10
A E Housman,gastronomy,1
A E Housman,Blue,1
A E Housman,Into,1
A E Housman,reputation,2
A E Housman,composition,2
A E Housman,births,1
A E Housman,motion,1
A E Housman,guilt,1
A E Housman,George,1
A E Housman,Between,1
A E Housman,Inspector,1
A E Housman,Head,3
A E Housman,pumpkin,1
A E Housman,align,1
A E Housman,Adam,1
A E Housman,notable,1
A E Housman,Scholarship,3
A E Housman,much,1
A E Housman,country,4
A E Housman,particularly,1
A E Housman,often,2
A E Housman,String,1
A E Housman,DEATH,2
A E Housman,Juvenal,5
A E Housman,FFFFF,1
A E Housman,curriculum,1
A E Housman,make,2
A E Housman,room,2
A E Housman,Fragment,2
A E Housman,portaldisp,1
A E Housman,planted,1
A E Housman,education,1
A E Housman,business,1
A E Housman,notableworks,1
A E Housman,Collected,5
A E Housman,Story,1
A E Housman,especially,2
A E Housman,universal,1
A E Housman,concerts,1
A E Housman,New,7
A E Housman,colleague,1
A E Housman,finished,1
A E Housman,coaxed,1
A E Housman,Bentley,2
A E Housman,main,1
A E Housman,moved,2
A E Housman,which,13
A E Housman,Blackwell,1
A E Housman,ballad,1
A E Housman,threescore,1
A E Housman,Wilde,1
A E Housman,carried,1
A E Housman,novelist,1
A E Housman,Academics,1
A E Housman,obvious,1
A E Housman,Against,1
A E Housman,festivals,1
A E Housman,social,1
A E Housman,Fockbury,1
A E Housman,influenced,1
A E Housman,appealed,1
A E Housman,Victorians,1
A E Housman,Published,1
A E Housman,job,2
A E Housman,shoulders,1
A E Housman,mischief,1
A E Housman,category,1
A E Housman,interpreter,1
A E Housman,scene,1
A E Housman,knoll,1
A E Housman,upon,2
A E Housman,television,1
A E Housman,Ireland,2
A E Housman,Halt,1
A E Housman,thought,1
A E Housman,road,1
A E Housman,recites,1
A E Housman,rather,2
A E Housman,Guardian,1
A E Housman,Christenings,1
A E Housman,athlete,1
A E Housman,evocation,1
A E Housman,woodlands,1
A E Housman,fourth,1
A E Housman,club,1
A E Housman,Star,1
A E Housman,INTCMP,1
A E Housman,Propertius,2
A E Housman,sympathies,1
A E Housman,NZZ,1
A E Housman,Tragedy,2
A E Housman,lodgings,1
A E Housman,Kills,1
A E Housman,Christ,2
A E Housman,wikiquote,1
A E Housman,Newton,1
A E Housman,proviso,1
A E Housman,where,5
A E Housman,Poetry,9
A E Housman,conjoined,1
A E Housman,almost,1
A E Housman,UCL,1
A E Housman,action,1
A E Housman,Douglas,1
A E Housman,jamesclarke,1
A E Housman,none,1
A E Housman,headstone,1
A E Housman,writer,1
A E Housman,younger,1
A E Housman,occupation,1
A E Housman,intellect,1
A E Housman,Teme,1
zoetrope,Animation,5
zohosites,Computational linguistics,1
zoi,Chinese numerals,1
zom,Demographics of Eritrea,1
zomai,Baptism,5
zombie,Centers for Disease Control and Prevention,3
zombie,Comic strip,1
zombie,Atlanta,5
zombie,Chinese room,3
zombie,Doom video game,1
zombie,Cutaway filmmaking,1
zombie,Computer security,1
zombie,Video game,1
zombie,Consciousness,5
zombie,The Evil Dead,1
zombie,Batman,1
zombie,Draugr,1
zombie,Cryonics,1
zombie,Computer worm,2
zombie,AD disambiguation,1
zonal,Politics of Cyprus,1
zonal,Berlin Wall,1
zonal,Contract bridge,2
zonality,Politics of Cyprus,2
zoned,Corundum,1
zoned,Alexandria Louisiana,1
zoned,Acoustics,1
zoned,Caesium,1
zoned,Binarycoded decimal,10
zoned,COBOL,1
zonestar,Atlanta Falcons,1
zooecia,Bryozoa,1
zoogeographical,Alfred Russel Wallace,1
zoogeographics,Ernst Mayr,1
zoogeography,Alfred Russel Wallace,2
zooids,Bryozoa,50
zooids,Cnidaria,2
zool,Ant,2
zoologia,Biological warfare,1
zoologia,Diacritic,1
zoologia,Bioterrorism,1
zoologische,Cnidaria,1
zoologist,Ernst Haeckel,1
zoologist,Carl Linnaeus,1
zoologist,Elephant,4
zoologist,April 9,1
zoologist,Desmond Morris,2
zoologist,Black Death,1
zoologist,Ethology,1
zoologist,April 25,1
zoologist,Ecology,1
zoologist,Carolina Parakeet,2
zoologist,Cat,1
zoologist,December 20,1
zoologist,Bigfoot,1
zoologist,December 27,1
zoologist,April 30,1
zoologist,Cryptozoology,2
zoologist,August 7,1
zoologist,August 9,1
zoologist,Aristotle,1
zoologist,Caving,1
zoologist,Breast,2
zoologist,August 4,2
zoologist,April 13,1
zoologist,Alfred,1
zoologist,December 14,1
zoologist,Arthur Jensen,1
zoologist,Alfred Russel Wallace,1
zoologist,December 10,1
zoologist,April 28,1
zoologist,Altruism,1
zoologist,Aldous Huxley,1
zoologist,Camouflage,7
zoologist,Cane toad,1
zoologist,August 14,1
zoomart,Auguste Rodin,2
zoomed,Clark Kent,1
zoomed,Electronic paper,1
zoomed,Economy of Brazil,1
zoomorphhic,Colombia,1
zooms,Blue Velvet film,2
zoomshare,Cygnus constellation,1
zoomshare,Beagle,1
zoonosis,Bird,1
zoonosis,Cholera,1
zoospores,Chlorophyceae,1
zoot,Chicano,1
zootaxa,Cyprinidae,1
zootaxa,Amphibian,1
zootaxa,Ant,1
zootaxa,Cnidaria,1
zooweb,Common chimpanzee,1
zophar,Apple I,2
zoraptera,Amber,1
zoroastrian,Ancient philosophy,1
zosimus,Constantius II,1
zosimus,Constantine the Great,2
zosimus,Constantine II emperor,1
zosimus,Constans,1
zosimus,Alexander Severus,1
zosimus,Batavi Germanic tribe,1
zotepine,Antipsychotic,4
zotin,Donald Rumsfeld,1
zou,Dutch hip hop,1
zou,Afrikaans,7
zoy,ASCII art,1
zp,Cheka,1
zplostely,Centrifugal force rotating reference frame,1
zponti,Central Powers,2
zponti,AustriaHungary,1
zpr,Czech Republic,1
zpr,Military of the Czech Republic,2
zprxmw,Cleveland Browns,2
zrECLAC,Brain,1
zrNuTaCUKMiHhQekOk,Diplomatic mission,1
zrelishte,Bulgarian language,1
zrtoc,Military of the Democratic Republic of the Congo,1
zsa,April 18,1
zsa,Alfred Hitchcock,1
zsa,Biological warfare,2
zsa,ChurchTuring thesis,1
zsa,Bioterrorism,1
zsa,Ackermann function,1
zsahegyi,August 27,1
zsbYtatQgk,Central Powers,1
zsef,December 26,1
zsef,December 12,1
zsef,August 22,1
zsef,Assembly line,1
zsef,European Peoples Party European Parliament group,1
zsef,December 4,1
zsef,April 11,1
zsef,Europe,1
zsef,Abraham,2
zsef,ACF Fiorentina,2
zsef,August 4,1
zsgupiFuC,Book of Daniel,1
zslav,Boris Pasternak,1
zslav,December 5,1
zsu,Database,1
zt,Bessel function,2
zt,Bosphorus,2
zt,Black Sea,2
zt,China,1
ztDbZAC,Dylan Thomas,1
ztXdf,Deus Ex,1
ztecinstruments,Amplifier figures of merit,1
ztepe,Bosphorus,1
ztunah,Bronze Age,1
ztvrdl,Czech language,1
zuMsSniQLaZmHAQ,Anaxagoras,1
zuYRAAAAIBAJ,Barry Bonds,1
zuaFlbks,Beer,1
zubar,Cyprus,1
zuchetto,Bishop,1
zugang,Conscription,1
zuid,AFC Ajax,1
zuid,Afrikaans,1
zuk,Basque language,1
zuk,Cantonese cuisine,2
zulo,ETA,3
zupanijski,Geography of Croatia,1
zure,Basque language,1
zusammen,Ester,1
zusammen,Alkene,1
zusii,List of extinct birds,1
zvARpyMsUC,Cyberpunk,1
zveza,Bocce,1
zvlhl,Czech language,1
zvxvYOZkjC,Crete,1
zwKBZmpBoYC,Central Asia,1
zwar,Beryllium,1
zweier,Charlemagne,1
zweite,Baralong incidents,1
zweite,First Epistle to the Thessalonians,1
zweite,Albrecht Altdorfer,1
zweyter,Accordion,1
zwgl,Ecommerce,1
zwi,Central Europe,1
zwi,Brownian motion,1
zwitterions,Amino acid,2
zwoWAAAAMAAJ,CanadaUnited States relations,1
zwpy,China,1
zwsp,Emoticon,1
zx,Divergence,1
zyTMXAjzQsC,Clitoris,1
zycie,Blood alcohol content,1
zyciu,Amway,2
zyit,Chinese language,1
zyk,Elblg,1
zyk,Assembly language,1
zymodeme,Chagas disease,1
zynews,Confucianism,1
zysj,Traditional Chinese medicine,2
zzMbStmeZkC,Catharism,1
zzPcMBSQz,Ahmad Shah Massoud,1
zzPcMBSQz,Afghanistan,1
zzhsoszy,Abdlaziz,1
zzlUpXucC,Afrikaans,2
